Actual Player Name,Site.Account_Name,Serial Nos
,Claudio Coiffure International,42503558396
,,001AB322019010365
,,002AB322019010605
,IKEA-Kitchener,01A0094-085-SB30-A2A
,IKEA-Whitby,01A0108-352-SB30-A2A
,IKEA-Burlington,150017-77-MSVDA0-A27
,Cobs-West 4th 9002,17F00341
,COBS-Kensington Square 9007,17F00354
,COBS-Driftwood Mall 9069,17F00364
,COBS-Royal Oak 9043,17F00368
,Cobs-Cranbrook 9067,17F00373
,7-11 Calgary Airport 38966,17F00555
,KFC Dawson Creek 098-001,210SHBS5V389
,KFC Rivermount 1391,210SHDP5V378 -> 210SHEW5V380->211SHGQ78415
,KFC Dawson Creek 098-001,210SHDP5V402
,KFC Rivermount 1391,210SHEW5V380 --> 211SHEW7884
,KFC Dawson Creek 098-001,210SHLV5V400
,KFC Saskatoon 8011,210SHMF5V379 removed
,KFC Rivermount 1391,210SHPT5V368
,KFC Dawson Creek 098-001,210SHRC5V390
,KFC Rivermount 1391,210SHVM5V391
,KFC Dawson Creek 098-001,210SHYD5V394
,KFC Saskatoon 8012,211SHBS7W293 ----> 211SHDP7W306
,KFC 1513,211SHCN78435
,KFC Saskatoon 8011,211SHEW78468
,KFC 1513,211SHFK78427
,KFC Rivermount 1391,211SHGQ78415
,KFC Saskatoon 8012,211SHGQ78439 --> 211SHRC78454 (Replaced on Nov/19/2014) ----> 402SHCN3Z371
,KFC Saskatoon 8012,211SHJL78452 ---> 211SHNG7W311 ---> 301SHZY7H437 ----> 406SHWA4B617 --> 412SHNG49311 --> 211SHAR78472
,KFC/TB 1890,211SHKH7W333
,KFC Saskatoon 8012,211SHLV78440 ---> 211SHQU7W324
,KFC Saskatoon 8012,211SHMF78443 ----> 412SHAR49288 --> 210SHQU5V372
,KFC 1513,211SHPT78432
,KFC 1513,211SHRC78430
,KFC 1951,211SHVM78455
,Kernels Carlingwood,22406600992 --> PSVBH0200511507D0A2701
,Kernels Bower Place,23701506392-PSVBHP200123703AD79201 --> new PSVBH0200511507D7F2701  11503212727--> PSVBHP200123703B829201 - 23701523492
,7-11 Cloverdale  26517,31000654496 - DTVFUAA006310019909600
,CBV - Bramalea City Centre,32102987196 --> 31000653296--> 31000657496
,KFC Rivermount 1391,412SHRC49222
,7-11 Drayton Valley 29596,42503559396 / DTVKGAA00342508B099600
,,A
,7-11 Drayton Valley 29596,A 342503566996 / DTVKGAA00342508B559600
,,a0
,KFC Beamsville 2025,A0  211SHQU78436 --> 211SHZY78437
,KFC 1441,A0 - 211SHFK78475 --> 504SHEW1G292
,KFC Markville Mall 1933,A0 - BYTE20160923726
,7-11 Cloverdale  26517,A0 - DTVFUAA00631001989600 SNID: 31000653396
,7-11 Edmonton 27633,A0 - US00216932
,KFC 2024,A0 --> BYTE2015050822
,KFC 1802,A0 --> BYTE2015061984
,KFC Saskatoon 8015,A0 --> BYTE2015085033
,AAA - Amherst,A0 --> DTVKGAA00342508B029600
,Kiehl's Richmond 013,A0 --> US00217123
,1982 Olympus,A0 -> DS43700201E09F01932 --> DS43700301E35F00275
,7-11 Edmonton 33343,A0 -> US00217675
,KFC/TB 6307,A0 210SHAR5V384 --> 211SHQU78460 --> 412SHRC49246
,KFC Saskatoon 8004,A0 210SHBS5V365 --> 211BHTX78465
,KFC 1891,A0 210SHGQ5V399
,KFC Square One 1918,A0 210SHHZ5V369 -->211SHWA78449 --> 210SHHZ5V369 --> 211SHWA78449
,KFC Richmond,A0 210SHJL5V388 --> 211SHDP7W306  --> 311SHAR41856
,Pizza Hut - Bishop St,A0 210SHQU5V396
,KFC Dawson Creek 098-001,A0 210SHTX5V401
,KFC 1837,A0 210SHZY5V373 --> 504SHTX1G289
,KFC 1861,A0 210SHZY5V397 --> 211SHNG78447 --> 504SHBS1G373
,KFC 1878,A0 211 SHRC78454 --->  210SHEW5V404 ---> 412SHRC49222 --> 211SHQU78412 --> 504SHHZ1G377
,KFC 2004,A0 211SHAR78448
,KFC 1372,A0 211SHFK7W291 --> 210SHTX5V401 -->211SHQU78460
,Kentucky Fried Chicken Canada Company,A0 211SHGQ78415
,KFC 1307,A0 211SHGQ78415
,Pizza Hut White Court,A0 211SHJL7W340
,KFC 1822,A0 211SHLV7W880 --> 211SHGQ78463 --> 407SHUB3N614
,KFC 1513,A0 211SHNG78423 -->210SHFK5V387-->504SHWA1G369-->211SHKH7W885
,KFC Saskatoon 8003,A0 211SHQU78412 -->211SHJL78476
,KFC Saskatoon 8009,A0 211SHTX7W329 --> 404SHFKK0291 --> 211SHLV78464 -> 211SHPT7W872 --> 402SHCN74899-->407SHBS8H229
,KFC 1951,A0 211SHVM78455 --> 402SHFK40259
,KFC 1374,A0 211SHVM7W295 -->312SHXJ7G250
,KFC/TB 1890,A0 211SHWA78425 --- > 211SHYD7W850---> 402SHJL41436
,Pizza Hut - Strathmore,A0 211SHXJ78426 -> 211SHTD78410 --> 211SHWA78425 --> 201SVDP5V402
,KFC 1430,A0 BYTE2015085024
,KFC Dawson Creek 098-001,A0 BYTE20160418552
,KFC Saskatoon 8004,A0 BYTE20160923505
,KFC Yorkdale 1932,A0 DS43700301E35F00113
,KFC Rideau Centre 1920,A0 DS43700301E35F00116
,KFC Square One 1918,A0 DS43700301E35F00159
,KFC 1951,A0 DS43700301E35F00298
,KFC/TB 1380,A0 DS43700301E49F00156
,Chairmans Brands- 241 Pizza,A0 US00167771
,7-11 Bonnyville 27001,A0 US00216669
,7-11 Calgary 37216,A0 US00216804
,7-11 Edmonton 37184,A0 US00216804
,7-11 Cold Lake 32239,A0 US00217000
,KFC 1838,A0: 208KCUKA6790 --> 211SHFS78429 ->211SHNG78447
,KFC Beamsville 2025,A1  211SHFK78451 --> 210SHLV5V400
,KFC 1441,A1 - 211SHUB78422 --> 504SHDP1G362
,KFC Saskatoon 8012,A1 - BYTE20160923059
,KFC Saskatoon 8004,A1 - BYTE20160923506
,7-11 Cloverdale  26517,A1 - US00167776
,7-11 Edmonton 27633,A1 - US00218284
,KFC 2024,A1 --> BYTE2015050828
,KFC 1802,A1 --> BYTE2015050993
,Kiehl's Richmond 013,A1 --> US00218204
,1982 Olympus,A1 -> DS43700301E49F00208
,7-11 Edmonton 33343,A1 -> US00217247
,KFC 1822,A1 210SHCN5V371 --> 407SHEW8H244
,KFC Dawson Creek 098-001,A1 210SHEW5V404 --> 304SHQU80236
,KFC 1891,A1 210SHJL5V388
,KFC 1951,A1 210SHKH5V381 --> 211SHAR78448 --> 210SHUB5V382
,Pizza Hut - Bishop St,A1 210SHMF5V403 -->210KCYQ0B082 - 311SHEW41852
,KFC Square One 1918,A1 210SHRC5V366 --> 210SHJL5V388
,KFC Richmond,A1 210SHSE5V398 --> 3058GPT1M936 --> 210FHSE5V398 --> 210SHRC5V390
,KFC 2004,A1 210SHWA5V385
,KFC Saskatoon 8009,A1 210SHXJ5V386 --> 4048HFKK0291 --> 412SHAR49288
,KFC Saskatoon 8004,A1 210SHYD5V370 - Removed
,KFC 1837,A1 211SHDP78442 ---> 211SHTX78441 (Dec/11/2014) --> 210SHCN5V371
,KFC/TB 1890,A1 211SHEW7W332 ---> 305SHGQ1M943 ---> 407SHCN0Y515
,KFC 1878,A1 211SHHZ78433 ---> 412SHMF49283
,KFC 1372,A1 211SHK7W885 --> 4SHEW1G364
,Pizza Hut White Court,A1 211SHLV7W328 --> 411SHCNBB027
,Pizza Hut - Strathmore,A1 211SHMF78467 --> 411SHVMBB023
,KFC 1861,A1 211SHPT78408 --> 305SHTP1M960 --> 504SHCN1G379
,KFC Rideau Centre 1920,A1 211SHPT78456 --> 211SHPT78456
,KFC Saskatoon 8011,A1 211SHUB78470 --> 504SHGQ1G383 --> 211SHBS7W341
,Kentucky Fried Chicken Canada Company,A1 211SHWA78473
,KFC 1307,A1 211SHXJ7W290  --> 312SHQU5G172 (Sep/27/16)
,KFC 1374,A1 211SHYD78458
,KFC Saskatoon 8003,A1 211SHYD7W298 -> 211SHCN78435
,KFC 1430,A1 BYTE2015085035
,KFC Dawson Creek 098-001,A1 BYTE20170128177
,KFC Square One 1918,A1 DS43700301E35F00237
,KFC Rideau Centre 1920,A1 DS43700301E35F00241
,KFC 1951,A1 DS43700301E35F00242
,KFC/TB 1380,A1 DS43700301E49F00065
,KFC Yorkdale 1932,A1 DS43700301E49F00080
,KFC Brampton 1326,A1 DS43700301E49F00238
,Chairmans Brands- 241 Pizza,A1 US00167966
,7-11 Edmonton 37184,A1 US00217037
,KFC 1838,A1: 202NXXN02010 --> 312SHAR5G184
,KFC Beamsville 2025,A2  211SHDP7W330 -->404SHLVK0232 --> 312SHDP82394
,KFC 1441,A2 - 211SHTX78441 --> 210SHZY5V397 --> 504SHUB1G366 --> 504XHVM1D375-->211SHFK78475
,KFC Saskatoon 8012,A2 - BYTE20160923501
,7-11 Edmonton 27633,A2 - US00216729
,KFC 1802,A2 --> BYTE2015050957
,KFC 2024,A2 --> BYTE2015061981
,1982 Olympus,A2 -> DS43700301E49F00142
,7-11 Edmonton 33343,A2 -> US00216944
,KFC 1861,A2 210SHCN5A2 V395 --> 211SHEW7W332 --> 504SHSE1G286 -> 407SHPT1H776
,KFC Richmond,A2 210SHFK5V387 --> 205SHUB1M926 --> 210SHNG5V383 --> 210SHYD5V394
,KFC Dawson Creek 098-001,A2 210SHGQ5V399 --> 210SHDP5V378 --> 211SHPT78456
,KFC 1951,A2 210SHNG5V383 --> 210SHWA5V385
,KFC Saskatoon 8004,A2 210SHQU5V372 --> 504SHPT1G376--> 504SHWA1G369--> 210SHPT5V392
,KFC Saskatoon 8011,A2 210SHSE5V374--> 211SHDP7X442
,Kentucky Fried Chicken Canada Company,A2 211SHDP78466 --> 210SHKH5V381
,KFC 1307,A2 211SHGQ78439
,KFC Rideau Centre 1920,A2 211SHGQ7W855
,KFC/TB 1890,A2 211SHHZ7W297 --> 211SHCN7W299 -->402SHFK3Z363
,KFC Square One 1918,A2 211SHJL78428 --> 210SHDP5V378 --> 210SHRC5V366
,KFC Rideau Centre 1920,A2 211SHQU78460 ---> 211SHFK78451 replaced Oct/23/2014
,KFC 2004,A2 211SHSE78414 --> x
,KFC 1822,A2 211SHTX78465 --> 305SHPT960 --> 211SHCN78411
,KFC 1837,A2 211SHUB78446 --> 210SHVM5V367 -> 406SHWA4B617
,KFC 1878,A2 211SHVM78431
,Taco Bell T05-003 Markville Mall Food Court,A2 211SHVMCS855
,KFC Saskatoon 8009,A2 211SHXJ78450 --> 211SHXJ78450 --> 407SHBS8H229  --> 504SHGQ1G383
,KFC Saskatoon 8003,A2 211SHXJ78474 --> 211SHYD78434
,KFC 1374,A2 402SHFK40259--> 404SHXJK0242 --> 210SHLV5V376
,KFC 1430,A2 BYTE2015085022
,KFC Saskatoon 8004,A2 BYTE20160923731
,KFC 1951,A2 DS43700301E35F00010 --> DS43700301E35F00125
,KFC Rideau Centre 1920,A2 DS43700301E35F00026
,KFC Square One 1918,A2 DS43700301E35F00171
,KFC Yorkdale 1932,A2 DS43700301E49F00100
,KFC/TB 1380,A2 DS43700301E49F00119
,KFC Brampton 1326,A2 DS43700301E49F00175
,Chairmans Brands- 241 Pizza,A2 US00167826
,7-11 Cold Lake 32239,A2 US00216956
,7-11 Cloverdale  26517,A2 US00217074
,7-11 Calgary 37216,A2 US00217454
,7-11 Edmonton 37184,A2 US00217676
,KFC 1838,A2: 210SHBS5V389 -->211SHZY7W325
,KFC Saskatoon 8004,A3 - BYTE20160923491
,KFC Markville Mall 1933,A3 - BYTE20170127015
,7-11 Edmonton 27633,A3 - DTVKGAA00342508B6C9600
,7-11 Cloverdale  26517,A3 - US00167864 - Removed
,KFC 1802,A3 --> BYTE2015050948
,KFC 2024,A3 --> BYTE2015061952
,7-11 Edmonton 33343,A3 -> 32102987196 / DTVFUAA006321074AF9600
,Taco Bell T05-003 Markville Mall Food Court,A3 206NXSG00374
,KFC 1951,A3 210HWA5V385 --> 210SH4K5V387 --> 211SHSE78414
,KFC 1372,A3 210SHGQ5V375 --> 504SHGQ1G287
,Kentucky Fried Chicken Canada Company,A3 210SHPT5V368 --> 211SHLV7W880
,KFC Richmond,A3 210SHPT5V392 --> 211SHXJ7W338  --> 311SHNG41855 --> 211SHQU78412
,KFC Dawson Creek 098-001,A3 210SHVM5V391 --> 211SHGQ7W855
,KFC 2004,A3 211SH2Y7W301
,KFC Saskatoon 8004,A3 211SHBS78453 - Removed
,KFC Square One 1918,A3 211SHGQ78463 --> NSS1L251P0386
,KFC 1822,A3 211SHHZ78457 --> 404SHLVK0232
,KFC Saskatoon 8009,A3 211SHHZ7W321 --> 406SHGQ4X815 ---> 406SHGQ4E815 --> 402SHCN74899
,KFC 1837,A3 211SHKH78445 ---> 412SHJL49292 (Mar/17/2015)
,KFC 1307,A3 211SHNG78423 --> 211SHFK78475 --> 311SHNG41855
,KFC Rideau Centre 1920,A3 211SHUB7W886
,KFC 1891,A3 211SHXJ78474 --> 211SHEW7W332
,KFC 1861,A3 211SHYD78410 --> 210SHHZ5V393 --> 504SHDP1G290
,KFC 1878,A3 211SHZY78461 --> 411SHBSBB021
,KFC Saskatoon 8003,A3 211SHZY7W301
,KFC/TB 1890,A3 312SHLV82368 --- > 211SHLV7W304
,KFC Saskatoon 8011,A3 402SHEW75268 ---> 407SHNG9Z591-->406SHGQ24127
,KFC 1374,A3 402SHSE8H846
,7-11 Bonnyville 27001,A3 43204070496
,KFC 1430,A3 BYTE2015085039
,KFC Square One 1918,A3 DS43700301E35F00091
,KFC Rideau Centre 1920,A3 DS43700301E35F00208
,KFC 1951,A3 DS43700301E35F00234
,KFC Yorkdale 1932,A3 DS43700301E49F00061
,KFC/TB 1380,A3 DS43700301E49F00149
,KFC Brampton 1326,A3 DS43700301E49F00240
,7-11 Calgary 37216,A3 DTVKGAA00342508AF29600 / 42503557096
,7-11 Edmonton 37184,A3 DTVKGAA00342508B349600 / 42503563696 --> replaced with VL4620G DTVFUAA0063100198C9600 / 31000654096
,Chairmans Brands- 241 Pizza,A3 US00167775
,7-11 Cloverdale  26517,A3 US00217113
,KFC 1441,A4 - 211SHYD78434 --> 211SHCN78459 --> 504SHSE1G358
,KFC 2024,A4 --> BYTE2015050834 --> BTYE20160923464
,KFC 1802,A4 --> BYTE2015050946
,KFC Dawson Creek 098-001,A4 210SHHZ5V393 --> 211SHJL7W316--> 402SHXJ40234
,KFC 2004,A4 210SHUB5V382
,KFC 1878,A4 211SHAR78472 --> 211SHQU78412 --> 211SHFK78427 --> 210SHSE5A398 -->211SHUB78446
,Kentucky Fried Chicken Canada Company,A4 211SHBS78429 --> 211SHEW78444
,KFC 1861,A4 211SHCN78411 --> 504SHTX1G289
,KFC Saskatoon 8011,A4 211SHGQ7W327 -> 402SHKH32381--> 210SHBS5V389
,KFC Saskatoon 8009,A4 211SHKH78469 -> 211SHPT7W872 --> 211SHHZ78457 ---> 412SHNG49311
,KFC Saskatoon 8004,A4 211SHNG78471 > 305SHPT1M936
,KFC 1822,A4 211SHPT7W872--> 312SHLV7G024 -> 210SHHZ5V393
,KFC 1891,A4 211SHQU78436 --> 210SHFK5V387
,KFC 1837,A4 211SHRC7W294 -->211STGQBB031 (Mar/17/2015)
,KFC 1307,A4 211SHSE7W326
,KFC 1372,A4 211SHTX7W857 --> 504SHKH1G365
,KFC/TB 1890,A4 211SHUB7W334 --> 312SHLV82368 --> 211SHKH7W333 --->406SHMF1B971
,KFC 1374,A4 211SHUB7W886
,KFC Saskatoon 8003,A4 211SHVM7W295 --> A4 210SHMF5V379 --> 407SHUM3N767 ----> 402SHZY8H245
,7-11 Bonnyville 27001,A4 42503565296
,KFC 1430,A4 BYTE2015085030
,KFC Brampton 1326,A4 DS43700301E49F00167
,KFC/TB 1380,A4 DS43700301E49F00285
,Chairmans Brands- 241 Pizza,A4 US00167803
,KFC 1838,A4: 210SHLV5V400 --> 210SHHZ5V369--> 211SHFK78451 ---> 210SHHZ5V369 --> 407SHKH3N757
,Kentucky Fried Chicken Canada Company,A5 210SHVM5V367 --> 211SHTX7W857 -->406SHLV1B944
,Kentucky Fried Chicken Canada Company,A6 211SHYD78458 --> 211SHQU78460 --> 211SHQU78436
,Kentucky Fried Chicken Canada Company,A7 211SHLV78464 --> 210SHAR5V384
,,ab01
,,AB3
,,ab320
,KFC Trim Road 1422,AB32017090011
,KFC Waterdown 1434,AB32017090012
,KFC Trim Road 1422,AB32017090013
,KFC Boxgrove 1376,AB32017090014
,KFC Boxgrove 1376,AB32017090015
,KFC Trim Road 1422,AB32017090016
,KFC Waterdown 1434,AB32017090017
,KFC Boxgrove 1376,AB32017090018
,KFC Trim Road 1422,AB32017090019
,KFC Trim Road 1422,AB32017090020
,Brioche Doree - Bloor Islington,AB32017090033
,Taco Bell Queen 49-007,AB32017090034
,Taco Bell Queen 49-007,AB32017090035
,Taco Bell Queen 49-007,AB32017090036
,Coifferie International Inc.- Place De La Cite,AB32017090037
,Taco Bell Queen 49-007,AB32017090038
,KFC Uxbridge 1370,AB32017090039
,KFC Uxbridge 1370,AB32017090040
,KFC Clarkson 251-001,AB32017090168
,CBV - Eaton Centre 004,AB32017090195
,L'OREAL SKINCEUTICALS RICHMOND,AB32017090202
,KFC Thunder Bay 1575,AB32017090203
,Zennkai - Granville,AB32017090204
,KFC Thunder Bay 1575,AB32017090205
,KFC 1470,AB32017090206
,KFC 1861,AB32017090207
,KFC Thunder Bay 1575,AB32017090208
,KFC Thunder Bay 1575,AB32017090209
,KFC Thunder Bay 1575,AB32017090210
,KFC Hunt Club 1421,AB32017090341
,KFC Hunt Club 1421,AB32017090342
,Zennkai - Granville,AB32017090343
,KFC 1470,AB32017090344
,KFC 1470,AB32017090345
,KFC 1470,AB32017090346
,KFC Hunt Club 1421,AB32017090348
,KFC/TB 1890,AB32017090349
,KFC/TB 1890,AB32017090349
,KFC 1470,AB32017090350
,KFC 1470,AB32017090351
,KFC Waterdown 1434,AB32017090381
,KFC Waterdown 1434,AB32017090382
,KFC Hunt Club 1421,AB32017090383
,KFC Hunt Club 1421,AB32017090384
,KFC Boxgrove 1376,AB32017090385
,KFC Uxbridge 1370,AB32017090386
,KFC Uxbridge 1370,AB32017090387
,KFC Boxgrove 1376,AB32017090388
,KFC Uxbridge 1370,AB32017090389
,KFC Waterdown 1434,AB32017090390
,Taco Bell T05-003 Markville Mall Food Court,AB32018033433
,,ab3220
,International Beauty - Grand P,AB322017110771
,International Beauty - Lloyd M,AB322017110772
,International Beauty - Edmon S,AB322017110773
,Taco Bell T05-003 Markville Mall Food Court,AB322017110774
,Star Bedard - Quebec City,AB322017110775
,7-11 Calgary Airport 38966,AB322017110776
,Star Bedard - Laval,AB322017110777
,KFC Richmond,AB322017110778
,KFC Jane St 242-001,AB322017110780
,Taco Bell Eglinton,AB322017110941
,Taco Bell Eglinton,AB322017110942
,Taco Bell Eglinton,AB322017110943
,Taco Bell Finch 49-012,AB322017110944
,Kernels Kildonan Place,AB322017110945
,Taco Bell Eglinton,AB322017110946
,Taco Bell Finch 49-012,AB322017110947
,International Beauty - Red Dee,AB322017110948
,Teeez-Bay-Square One,AB322017110949
,Taco Bell Eglinton,AB322017110950
,TEEEZ- Bay-Scarborough Twn Cnt,AB322017110961
,Taco Bell Finch 49-012,AB322017110962
,Taco Bell Finch 49-012,AB322017110964
,Taco Bell Finch 49-012,AB322017110965
,KFC Saskatoon 8003,AB322017110966
,KFC 1891,AB322017110967
,Brioche Doree - Bloor Islington,AB322017110968
,Brioche Doree - Bloor Islington,AB322017110969
,Suki's - South Granville,AB322017110970
,7-11 Vancouver 33424,AB322017111067
,KFC Markville Mall 1933,AB322017111091
,KFC Markville Mall 1933,AB322017111092
,KFC Jane St 242-001,AB322017111093
,KFC Jane St 242-001,AB322017111094
,KFC Jane St 242-001,AB322017111095
,KFC Jane St 242-001,AB322017111097
,Kentucky Fried Chicken Canada Company,AB322017111098
,KFC Markville Mall 1933,AB322017111099
,KFC Jane St 242-001,AB322017111100
,KFC Jane St 242-001,AB322017111142
,7-11 Pitt Meadows 25400,AB322017111143
,7-11 Vancouver 33281,AB322017111145
,7-11 Vancouver 33281,AB322017111146
,Taco Bell Queen 49-007,AB322017111147
,Taco Bell Brantford 49- 017,AB322017111148
,7-11 Vancouver 33281,AB322017111149
,7-11 Vancouver 33281,AB322017111150
,7-11 Surrey 34907,AB322017121375
,7-11 Calgary 33296,AB322017121376
,7-11 Calgary 33296,AB322017121377
,7-11 Coquitlam 17759,AB322017121378
,7-11 Calgary 33296,AB322017121379
,7-11 Calgary 33296,AB322017121380
,7-11 Calgary 33296,AB322017121381
,7-11 Pitt Meadows 25400,AB322017121382
,7-11 Pitt Meadows 25400,AB322017121383
,7-11 Calgary 33296,AB322017121384
,Taco Bell Brantford 49- 017,AB322017121385
,KFC 1878,AB322017121386
,7-11 Surrey 34339,AB322017121387
,7-11 Surrey 34339,AB322017121388
,7-11 Calgary 33296,AB322017121389
,7-11 Surrey 34339,AB322017121391
,7-11 Surrey 34339,AB322017121392
,7-11 Calgary 33296,AB322017121394
,KFC Pembroke 1412,AB322017121415
,KFC Pembroke 1412,AB322017121416
,KFC 2023,AB322017121417
,KFC Pembroke 1412,AB322017121418
,CBV - Stone Road Mall,AB322017121419
,7-11 Coquitlam 17759,AB322017121420
,7-11 Coquitlam 17759,AB322017121421
,KFC Pembroke 1412,AB322017121422
,KFC Pembroke 1412,AB322017121423
,7-11 Pitt Meadows 25400,AB322017121424
,Texture Salon - Dalhousie,AB322017121465
,Taco Bell Brantford 49- 017,AB322017121466
,7-11 Claresholm 38120,AB322017121467
,CBV - Upper Canada Mall,AB322017121468
,7-11 Bonnyville 27001,AB322017121469
,7-11 Calgary 37557,AB322017121470
,Jean Bleu - St. Jerome 004,AB322017121471
,ATELIER COLOGNE 001,AB322017121472
,KFC Saskatoon 8012,AB322017121473
,KFC Saskatoon 8012,AB322017121474
,7-11 Coquitlam 17759,AB322017121515
,7-11 Port Coquitlam 15176,AB322017121516
,7-11 Surrey 34339,AB322017121517
,7-11 Surrey 34339,AB322017121518
,7-11 Surrey 34339,AB322017121519
,7-11 Port Coquitlam 15176,AB322017121520
,Maritime Beauty - Moncton,AB322017121521
,KFC 1513,AB322017121523
,Maritime Beauty - Halifax,AB322017121524
,7-11 Coquitlam 17759,AB322017121655
,7-11 Port Coquitlam 23091,AB322017121656
,7-11 Winnipeg 17060,AB322017121657
,7-11 Port Coquitlam 23091,AB322017121658
,7-11 Vancouver 20875,AB322017121659
,7-11 Port Coquitlam 23091,AB322017121660
,7-11 Port Coquitlam 15176,AB322017121661
,7-11 Port Coquitlam 15176,AB322017121662
,7-11 Port Coquitlam 23091,AB322017121663
,7-11 Port Coquitlam 23091,AB322017121664
,Taco Bell 49-011T Guelph,AB322017121665
,Taco Bell 49-011T Guelph,AB322017121666
,CosmoProf - Ottawa 7349,AB322017121667
,Taco Bell Brantford 49- 017,AB322017121670
,Taco Bell Brantford 49- 017,AB322017121671
,Taco Bell 49-011T Guelph,AB322017121672
,Taco Bell 49-011T Guelph,AB322017121673
,Taco Bell 49-011T Guelph,AB322017121674
,7-11 Maple Ridge 33013,AB322017121735
,7-11 Port Moody 25440,AB322017121736
,7-11 Port Moody 25440,AB322017121737
,7-11 Maple Ridge 33013,AB322017121738
,7-11 Maple Ridge 33013,AB322017121739
,7-11 Port Moody 25440,AB322017121740
,7-11 Port Moody 25440,AB322017121741
,7-11 Port Moody 25440,AB322017121741
,7-11 Port Moody 25440,AB322017121742
,7-11 Port Moody 25440,AB322017121743
,7-11 Maple Ridge 33013,AB322017121744
,7-11 Pitt Meadows 25400,AB322017121755
,7-11 Port Coquitlam 15176,AB322017121756
,7-11 Port Coquitlam 15176,AB322017121758
,7-11 Coquitlam 17759,AB322017121760
,7-11 Coquitlam 17759,AB322017121761
,7-11 Pitt Meadows 25400,AB322017121762
,7-11 Port Coquitlam 15176,AB322017121763
,7-11 Coquitlam 17759,AB322017121764
,7-11 Port Moody 25440,AB322017121786
,7-11 Surrey 34907,AB322017121788
,Kernels Chinook,AB322017121789
,7-11 Surrey 34907,AB322017121790
,7-11 Surrey 34907,AB322017121791
,7-11 Surrey 34907,AB322017121792
,7-11 Surrey 34907,AB322017121793
,7-11 Surrey 34907,AB322017121794
,7-11 Toronto 25519,AB322017122043
,7-11 Richmond 27052,AB322018032819
,7-11 Richmond 27052,AB322018032820
,7-11 Edmonton 32370,AB322018032841
,KFC Windsor 1459,AB322018032936
,KFC Windsor 1919,AB322018032938
,7-11 Squamish 32845,AB322018032966
,Taco Bell Windsor 6901,AB322018032968
,Taco Bell Windsor 6901,AB322018032969
,KFC Windsor 1454,AB322018032992
,7-11 Mackenzie 29936,AB322018032999
,7-11 Mackenzie 29936,AB322018033001
,7-11 Victoria 33012,AB322018033010
,7-11 Calgary 33296,AB322018033119
,7-11 Mackenzie 29936,AB322018033121
,7-11 Squamish 32845,AB322018033122
,7-11 Mackenzie 29936,AB322018033123
,7-11 Squamish 32845,AB322018033124
,Taco Bell Windsor 6901,AB322018033175
,KFC Lindsay 1510,AB322018033224
,Kernels Metropolis C0009 (formerly C0087),AB322018033329
,7-11 Toronto 22116,AB322018033332
,7-11 Toronto 22116,AB322018033335
,7-11 Vancouver 32999,AB322018033430
,KFC 1307,AB322018033477
,KFC Cambridge 2014,AB322018033482
,Taco Bell 48-004 Saskatoon,AB322018033568
,Taco Bell 48-004 Saskatoon,AB322018033569
,KFC 1307,AB322018033572
,KFC 1307,AB322018033574
,KFC Windsor 1446,AB322018033597
,KFC Oakville 211-002,AB322018033601
,Taco Bell Hawkesbury 6322,AB322018033603
,7-11 Calgary 15901,ab322018033647
,"3P: Protagon (Matrix) - Toronto, ON",AB322018033654
,Taco Bell 48-003 Saskatoon,AB322018033671
,Taco Bell 48-003 Saskatoon,AB322018033673
,Taco Bell 48-003 Saskatoon,AB322018033674
,KFC 1533,AB322018033736
,7-11 Edmonton 38543,AB322018033738
,7-11 Winnipeg 17060,AB322018033739
,KFC Windsor 1446,AB322018033739
,7-11 Pitt Meadows 25400,AB322018033743
,7-11 Winnipeg 14841,AB322018033745
,Kernels Park Place,AB322018033756
,7-11 Edmonton 38543,AB322018033757
,7-11 Winnipeg 14841,AB322018033758
,7-11 Winnipeg 14841,AB322018033759
,7-11 Edmonton 32370,AB322018033763
,"3P: Protagon (Matrix) - Toronto, ON",AB322018033829
,Star Bedard - Kirkland 108,AB322018033833
,KFC Cambridge 2014,AB322018033940
,KFC Windsor 1446,AB322018033945
,KFC Scarborough 1305,AB322018033978
,Kernels Midtown Plaza,AB322018033981
,,AB322018033981
,CBV - Eaton Centre 004,AB322018033983
,KFC 1861,AB322018034106
,Taco Bell Hawkesbury 6322,AB322018034110
,Sbarro-Halton Hills,AB322018034113
,7-11 Cloverdale  26517,AB322018034115
,7-11 Vancouver 33462,AB322019010022
,7-11 Vancouver 33462,AB322019010030
,7-11 Vancouver 33462,AB322019010042
,7-11 Vancouver 33462,AB322019010043
,7-11 Vancouver 33462,AB322019010045
,7-11 Calgary 32344,AB322019010588
,7-11 Richmond 27052,AB322019010604
,7-11 Etobicoke 24508,AB322019010864
,,AB32201901110
,7-11 Crossfield 38821,AB322019011234
,7-11 Toronto 33259,AB32201901139
,7-11 Etobicoke 24508,AB322019011424
,7-11 Etobicoke 24508,AB322019011425
,7-11 Etobicoke 24508,AB322019011426
,7-11 Waterloo 33001,AB322019011437
,KFC 1364,AB32MS191100006
,Les Coiffeurs Continental Carrefour de lâ€™Estrie inc,AB3455180900251
,KFC Mississauga 128-006,AB3455180900347
,7-11 Etobicoke 26077,AB3455180900435
,7-11 Port Coquitlam 23091,B-MAB3P419080156
,AAA - Amherst,B0 --> DTVKGAA00342508B119600
,Kiehl's Richmond 013,B0 --> US00218035
,Kiehl's Richmond 013,B1 --> US00217737
,7-11 Surrey 37206,BG322S20100215
,7-11 Surrey 37206,BG322S20100220
,KFC 1533,BYTE2015010852
,1982 Olympus,BYTE2015050124
,KFC 1521,BYTE2015050124
,YUM 1983,BYTE2015050124
,1982 Olympus,BYTE2015050127
,YUM 1983,BYTE2015050127
,1982 Olympus,BYTE2015050130
,YUM 1983,BYTE2015050130
,1984 Olympus,BYTE2015050133
,1984 Olympus,BYTE2015050137
,1982 Olympus,BYTE2015050139
,YUM 1983,BYTE2015050139
,KFC 2015,BYTE2015050838
,KFC 1826,BYTE2015050839
,KFC 1802,BYTE2015050946
,KFC 1802,BYTE2015050948
,KFC 1826,BYTE2015050952
,KFC 1826,BYTE2015050956
,KFC 1802,BYTE2015050957
,KFC 1802,BYTE2015050993
,KFC 1826,BYTE2015060863
,1984 Olympus,BYTE2015061029
,1984 Olympus,BYTE2015061035
,1984 Olympus,BYTE2015061039
,KFC 2015,BYTE2015061911
,KFC 1521,BYTE2015061955
,KFC 2015,BYTE2015061958
,KFC 2015,BYTE2015061959
,KFC 1802,BYTE2015061984
,KFC 2015,BYTE2015061997
,KFC 1521,BYTE2015084110
,KFC 1406,BYTE2015085021
,KFC 1406,BYTE2015085023
,KFC 1406,BYTE2015085025
,KFC Windsor 1446,BYTE2015085026
,KFC Saskatoon 8015,BYTE2015085027
,KFC Saskatoon 8015,BYTE2015085028
,KFC Saskatoon 8015,BYTE2015085029
,CBV - Masonville Place,BYTE2015085031
,KFC 1406,BYTE2015085032
,KFC 1406,BYTE2015085034
,KFC Saskatoon 8015,BYTE2015085037
,KFC Windsor 1446,BYTE2015085038
,KFC Windsor 1446,BYTE2015085040
,7-11 Lansdowne 25406,BYTE2015085401
,KFC 1509,BYTE2015085402
,KFC 4518,BYTE2015085403
,KFC 1826,BYTE2015085404
,KFC 1568,BYTE2015085405
,7-11 Vancouver 34290,BYTE2015085406
,KFC 1509,BYTE2015085407
,KFC 1509,BYTE2015085408
,KFC 4518,BYTE2015085409
,KFC 1568,BYTE2015085410
,KFC 1509,BYTE2015085413
,KFC 1521,BYTE2015085414 -> BYTE2015109617
,KFC 4518,BYTE2015085415
,KFC Windsor 1446,BYTE2015085416
,KFC Windsor 1446,BYTE2015085417
,KFC 4518,BYTE2015085418
,KFC 4518,BYTE2015085419
,KFC 1509,BYTE2015085420
,KFC 1533,BYTE20151011690
,KFC 1568,BYTE2015109601
,KFC 2023,BYTE2015109603
,KFC 1325,BYTE2015109604
,KFC 1423,BYTE2015109605 --> BYTE20160822530
,KFC 1325,BYTE2015109606
,KFC 2023,BYTE2015109607
,KFC Saskatoon 8017,BYTE2015109608
,KFC 2023,BYTE2015109609
,KFC 1325,BYTE2015109611
,KFC 2023,BYTE2015109612
,KFC 1568,BYTE2015109613
,KFC 2023,BYTE2015109614
,KFC 1568,BYTE2015109616
,DBK Salon,BYTE2015109618
,KFC 1325,BYTE2015109619 --> BYTE20160418547
,KFC 1325,BYTE2015109620
,KFC 1521,BYTE2015109662
,KFC Saskatoon 8018,BYTE20151112521
,KFC Saskatoon 8018,BYTE20151112522  --> BYTE20161024040
,KFC Saskatoon 8018,BYTE20151113058
,KFC Saskatoon 8018,BYTE20151113059
,KFC Saskatoon 8018,BYTE20151113060
,KFC 1431,BYTE20160114181
,KFC 1431,BYTE20160114182
,KFC 2022,BYTE20160114183
,KFC 1423,BYTE20160114184 --> BYTE2015109621
,KFC 1431,BYTE20160114185
,KFC Saskatoon 8017,BYTE20160114186
,KFC Saskatoon 8017,BYTE20160114187
,KFC Saskatoon 8017,BYTE20160114188
,KFC Saskatoon 8017,BYTE20160114189
,KFC 2022,BYTE20160114190
,KFC 1562,BYTE20160114191
,KFC 2022,BYTE20160114192
,KFC 1431,BYTE20160114193
,KFC 1431,BYTE20160114194
,KFC 1562,BYTE20160114195
,KFC 1364,BYTE20160114196
,KFC 1562,BYTE20160114197 -> AB322018033937
,KFC 2022,BYTE20160114198
,KFC 1562,BYTE20160114199
,KFC 1562,BYTE20160114200 --> BYTE20160822468
,KFC 1364,BYTE20160114802
,KFC 1364,BYTE20160114853
,KFC 1364,BYTE20160316437
,KFC 2010,BYTE20160418541
,7-11 Vancouver 34290,BYTE20160418542
,KFC 2010,BYTE20160418543
,KFC 2010,BYTE20160418544 -> AB322018033118
,KFC 1926,BYTE20160418545
,KFC 1926,BYTE20160418546
,KFC 2010,BYTE20160418549
,KFC 2010,BYTE20160418550
,7-11 Vancouver 34290,BYTE20160418551
,KFC 1423,BYTE20160418553 --> BYTE2015109209
,KFC 1578,BYTE20160418554
,KFC 1814,BYTE20160418555
,KFC 1814,BYTE20160418555 --> BYTE2017127029
,7-11 New Westminster 37122,BYTE20160418556
,KFC 1578,BYTE20160418557
,KFC 1578,BYTE20160418558
,KFC 1926,BYTE20160418559
,KFC 1926,BYTE20160418560
,KFC 1578,BYTE20160519321
,KFC 1909,BYTE20160519323
,KFC 1909,BYTE20160519324
,KFC Fort Erie 1573,BYTE20160519325
,7-11 Vancouver 34290,BYTE20160519326
,KFC Fort Erie 1573,BYTE20160519327
,KFC 1453,BYTE20160519328
,KFC Fort Erie 1573,BYTE20160519329
,KFC 1909,BYTE20160519330
,KFC Fort Erie 1573,BYTE20160519331
,KFC 1909,BYTE20160519332
,7-11 Vancouver 34290,BYTE20160519333
,7-11 Vancouver 34290,BYTE20160519334
,KFC 1578,BYTE20160519335
,KFC Saskatoon 8006,BYTE20160519336
,KFC Saskatoon 8006,BYTE20160519337
,KFC Saskatoon 8006,BYTE20160519338
,KFC Saskatoon 8006,BYTE20160519339
,KFC Saskatoon 8006,BYTE20160519340
,KFC 1336,BYTE20160822463
,KFC 1336,BYTE20160822464
,KFC Laird 1309,BYTE20160822465
,KFC 1336,BYTE20160822466
,KFC 1453,BYTE20160822467
,KFC Laird 1309,BYTE20160822469
,KFC Windsor 1452,BYTE20160822470
,KFC Laird 1309,BYTE20160822471
,KFC 1453,BYTE20160822472
,KFC Windsor 1452,BYTE20160822473
,KFC 1453,BYTE20160822474
,KFC Laird 1309,BYTE20160822475
,KFC Laird 1309,BYTE20160822476
,KFC Windsor 1452,BYTE20160822477
,KFC Windsor 1452,BYTE20160822478
,KFC 1336,BYTE20160822479
,KFC 1336,BYTE20160822480
,KFC Windsor 1452,BYTE20160822481
,KFC 1453,BYTE20160822482
,Kiehl's Market Mall 019,BYTE20160923041
,KFC 1342,BYTE20160923042
,Kiehl's Upper Canada Mall 015,BYTE20160923043
,Kiehl's Polo Park 011,BYTE20160923044
,Kiehl's Square One 017,BYTE20160923045
,Kiehl's Mapleview 008,BYTE20160923046
,Kiehl's Carrefour Laval 020,BYTE20160923047
,Kiehl's Upper Canada Mall 015,BYTE20160923048
,Kiehl's Guildford 014,BYTE20160923050
,Kiehl's Mapleview 008,BYTE20160923051
,Kiehl's Square One 017,BYTE20160923052
,Kiehl's Market Mall 019,BYTE20160923053
,Kiehl's Square One 017,BYTE20160923054
,Kiehl's Mapleview 008,BYTE20160923055
,Industria - Repentigny,BYTE20160923056
,Kiehl's Market Mall 019,BYTE20160923057
,Kiehl's Mapleview 008,BYTE20160923058
,Kiehl's Market Mall 019,BYTE20160923060
,7-11 Lansdowne 25406,BYTE20160923461 --> BYTE20170127014
,Industria - Repentigny,BYTE20160923462
,KFC 1543,BYTE20160923463
,KFC 2024,BYTE20160923464
,KFC 1543,BYTE20160923465
,KFC 1543,BYTE20160923466
,KFC 1543,BYTE20160923467
,KFC 1543,BYTE20160923468
,KFC Thompson 082-001,BYTE20160923469
,KFC Thompson 082-001,BYTE20160923470
,Marca College - Dufferin Mall,BYTE20160923471
,7-11 Lansdowne 25406,BYTE20160923472
,Kiehl's Rideau 018,BYTE20160923473
,KFC Thompson 082-001,BYTE20160923474
,7-11 Lansdowne 25406,BYTE20160923475-->BYTE2015085401
,KFC Thompson 082-001,BYTE20160923476
,KFC 1540,BYTE20160923477
,DBK Salon,BYTE20160923478
,KFC 1540,BYTE20160923479
,KFC Thompson 082-001,BYTE20160923480
,Kiehl's Guildford 014,BYTE20160923483
,Kiehl's Chinook 007,BYTE20160923485
,Kiehl's Yonge 003,BYTE20160923486
,Kiehl's Southgate 005,BYTE20160923487
,Kiehl's Chinook 007,BYTE20160923488
,Kiehl's Southgate 005,BYTE20160923490
,KFC Saskatoon 8004,BYTE20160923491
,Kiehl's Yonge 003,BYTE20160923493
,Kiehl's Southgate 005,BYTE20160923494
,Kiehl's Southgate 005,BYTE20160923496
,KFC 1423,BYTE20160923497
,Kiehl's Chinook 007,BYTE20160923498
,Kiehl's Chinook 007,BYTE20160923499
,Kiehl's Rideau 018,BYTE20160923500
,Kiehl's Guildford 014,BYTE20160923502
,KFC 1423,BYTE20160923503
,Brioche Doree - Place Ville Marie,BYTE20160923504
,KFC Saskatoon 8004,BYTE20160923505
,KFC Saskatoon 8004,BYTE20160923506
,7-11 Lansdowne 25406,BYTE20160923507 --> BYTE20160923461
,KFC 1541 - Sault Ste Marie,BYTE20160923508
,KFC 1541 - Sault Ste Marie,BYTE20160923509
,KFC 1541 - Sault Ste Marie,BYTE20160923510
,Kiehl's Guildford 014,BYTE20160923511
,Brioche Doree - Place Ville Marie,BYTE20160923512
,Brioche Doree - Place Ville Marie,BYTE20160923514
,KFC 1541 - Sault Ste Marie,BYTE20160923515
,KFC 1541 - Sault Ste Marie,BYTE20160923516
,7-11 Lansdowne 25406,BYTE20160923517
,7-11 Lansdowne 25406,BYTE20160923518
,Marca College - Brampton,BYTE20160923519
,KFC 1861,BYTE20160923520
,Salon de Coiffure Styl-lib Inc,BYTE20160923721
,Brioche Doree - Scarborough,BYTE20160923722
,KFC 1560,BYTE20160923723
,Fresh & Co Salons,BYTE20160923724
,Salon de Coiffure Styl-lib Inc,BYTE20160923725
,Fresh & Co Salons,BYTE20160923726  --> BYTE20160923492
,KFC 1560,BYTE20160923727
,KFC 1560,BYTE20160923728
,KFC 1560,BYTE20160923729
,Salon de Coiffure Styl-lib Inc,BYTE20160923730
,KFC 1540,BYTE20160923732
,Brioche Doree - Scarborough,BYTE20160923733
,KFC 1560,BYTE20160923734
,KFC 1540,BYTE20160923735
,7-11 Calgary 26093,BYTE20160923736
,7-11 Vancouver 34290,BYTE20160923737
,KFC 1814,BYTE20160923738
,KFC 1540,BYTE20160923739
,Brioche Doree/Au Pain - Rene Levesque,BYTE20160923740
,KFC 1537,BYTE20170126651
,KFC 1537,BYTE20170126652
,KFC 1537,BYTE20170126653
,KFC Saskatoon 8011,BYTE20170126654
,KFC Saskatoon 8011,BYTE20170126655
,Brioche Doree/Au Pain - Rene Levesque,BYTE20170126656
,KFC 1537,BYTE20170126657
,KFC 1537,BYTE20170126658
,KFC 1557,BYTE20170126659
,Marcel Pelchat,BYTE20170126660
,Taz Hair Co - Yorkville,BYTE20170126661
,Coiffure Colorsha,BYTE20170126662
,Taco Bell 48-001,BYTE20170126663
,KFC 1557,BYTE20170126664
,Taco Bell 48-001,BYTE20170126665
,Taco Bell Upper James 49-005,BYTE20170126666
,Taco Bell 48-001,BYTE20170126667
,Taco Bell Upper James 49-005,BYTE20170126668
,Taco Bell 48-001,BYTE20170126669
,Taco Bell T05-005 Vaughan Mills,BYTE20170127012
,KFC 1342,BYTE20170127015
,Taco Bell T05-005 Vaughan Mills,BYTE20170127016
,KFC 1342,BYTE20170127017
,Taco Bell T05-005 Vaughan Mills,BYTE20170127018
,KFC 1342,BYTE20170127019
,KFC 1533,BYTE20170127020
,Taco Bell T05-005 Vaughan Mills,BYTE20170127022
,KFC 1533,BYTE20170127023
,KFC 1442,BYTE20170127024
,KFC 1442,BYTE20170127025
,Brioche Doree - Scarborough,BYTE20170127026
,KFC 1442,BYTE20170127027
,KFC 1442,BYTE20170127028
,KFC 1442,BYTE20170127030
,KFC 1342,BYTE20170128171
,Brioche Doree - Bloor,BYTE20170128172
,KFC Whitehorse 193-001,BYTE20170128173
,Taco Bell Upper James 49-005,BYTE20170128174
,Taco Bell Upper James 49-005,BYTE20170128175
,KFC Whitehorse 193-001,BYTE20170128176
,KFC Dawson Creek 098-001,BYTE20170128177
,KFC 1532,BYTE20170128178
,KFC Whitehorse 193-001,BYTE20170128180
,KFC 1532,BYTE20170128181
,Taz Hair Co - London,BYTE20170128183
,Brioche Doree - Bloor,BYTE20170128184
,Brennen Demelo,BYTE20170128185
,Taz Hair Co - Kingsway,BYTE20170128186
,KFC Whitehorse 193-001,BYTE20170128187
,KFC Whitehorse 193-001,BYTE20170128188
,CosmoProf - Guelph,BYTE20170128189
,Taco Bell Upper James 49-005,BYTE20170128190
,OK Tire Truck Centre,BYTE20170128531
,KFC Orchard Park 226-001,BYTE20170128532
,Kiehl's HBC Queen,BYTE20170128533
,7-11 Lansdowne 25406,BYTE20170128534
,KFC 1417,BYTE20170128535
,KFC Orchard Park 226-001,BYTE20170128536
,KFC Orchard Park 226-001,BYTE20170128537
,7-11 Lansdowne 25406,BYTE20170128538
,KFC 1532,BYTE20170128539
,KFC Orchard Park 226-001,BYTE20170128540
,KFC Orchard Park 226-001,BYTE20170128541
,KFC Orchard Park 226-001,BYTE20170128542
,7-11 Lansdowne 25406,BYTE20170128543
,KFC 1532,BYTE20170128544
,Jean Bleu - Place Versailles,BYTE20170128545
,Kiehl's HBC Queen,BYTE20170128546
,7-11 Lansdowne 25406,BYTE20170128547
,KFC 1532,BYTE20170128548
,Jean Bleu - Place Versailles,BYTE20170128549
,KFC 1417,BYTE20170128550
,Taco Bell 48-001,BYTE20170128591
,Brioche Doree - Scarborough,BYTE20170128592
,KFC 1430,BYTE20170128593
,KFC 1557,BYTE20170128594
,KFC 1417,BYTE20170128595
,Kiehl's Richmond 013,BYTE20170128596
,KFC 1557,BYTE20170128597
,Marcel Pelchat,BYTE20170128598
,KFC 1557,BYTE20170128599
,Kiehl's Coquitlam Centre 024,BYTE20170128601
,CosmoProf-Mississauga,BYTE20170128602
,KFC 1417,BYTE20170128603
,KFC 1417,BYTE20170128606
,Marcel Pelchat,BYTE20170128607
,7-11 Prince George 37260,BYTE20170128610
,Coiffure Robert Proulx,BYTE2017018609
,KFC Queen 1351,BYTE20170528781
,7-11 West Van 25931,BYTE20170528782
,7-11 West Van 25931,BYTE20170528783
,KFC 1878,BYTE20170528784
,Kernels Eaton Centre North,BYTE20170528785
,7-11 West Van 25931,BYTE20170528786
,7-11 Prince George 37262,BYTE20170528787
,7-11 West Van 25931,BYTE20170528788
,7-11 Lansdowne 25406,BYTE20170528789
,Taco Bell Brantford 49-008,BYTE20170528790
,7-11 Prince George 37263,BYTE20170528791
,Kiehl's Masonville 023,BYTE20170528792
,Teeez-Bay-Queen,BYTE20170528793
,Taco Bell Brantford 49-008,BYTE20170528794
,KFC Saskatoon 8003,BYTE20170528795
,KFC Beamsville 2025,BYTE20170528796
,Taco Bell Brantford 49-008,BYTE20170528798
,Taco Bell Brantford 49-008,BYTE20170528799
,Taco Bell Brantford 49-008,BYTE20170528800
,KFC Pape 1344,BYTE20170528821
,Taco Bell 48-002,BYTE20170528822
,KFC Saskatoon 8011,BYTE20170528823
,KFC Guelph 1571,BYTE20170528824
,KFC Pape 1344,BYTE20170528827
,Taco Bell 48-002,BYTE20170528828
,KFC Guelph 1571,BYTE20170528829
,Taco Bell T05-005 Vaughan Mills,BYTE20170528830
,Salon Mute,BYTE20170528831
,KFC Guelph 1571,BYTE20170528832
,KFC Pape 1344,BYTE20170528833
,Kiehl's Richmond 013,BYTE20170528834
,Coifferie International Inc.- Place De La Cite,BYTE20170528835
,Taco Bell 48-002,BYTE20170528836
,Taco Bell 48-002,BYTE20170528838
,KFC Pape 1344,BYTE20170528839
,Salon Mute,BYTE20170528840
,7-11 West Van 25931,BYTE20170528921
,Taco Bell Brantford 49-008,BYTE20170528921
,KFC 1533,BYTE20170528922
,7-11 Prince George 37260,BYTE20170528923
,KFC Fairview 1927,BYTE20170528924
,KFC Fairview 1927,BYTE20170528925
,KFC Fairview 1927,BYTE20170528926
,KFC 1516,BYTE20170528927
,KFC Saskatoon 8011,BYTE20170528928
,KFC Fairview 1927,BYTE20170528929
,7-11 Prince George 37259,BYTE20170528930
,7-11 Prince George 37258,BYTE20170528931
,KFC 1516,BYTE20170528932
,Brioche Doree/Au Pain - Rene Levesque,BYTE20170528933
,KFC 1516,BYTE20170528935
,KFC Fairview 1927,BYTE20170528936
,KFC 1516,BYTE20170528937
,KFC 1516,BYTE20170528938
,The Loft - Cornwall,BYTE20170528939
,KFC Saskatoon 8011,BYTE20170528940
,KFC 1441,BYTE20170529081
,Brioche Doree - Gauchetiere,BYTE20170529082
,Kernels Fallsview - F0092,BYTE20170529083
,L'Antete Salon,BYTE20170529084
,The Loft - Ottawa West,BYTE20170529085
,Taco Bell St Thomas 49-009,BYTE20170529086
,KFC Queen 1351,BYTE20170529087
,Taco Bell St Thomas 49-009,BYTE20170529089
,Calia Salon,BYTE20170529090
,Taco Bell St Thomas 49-009,BYTE20170529091
,"Les Coiffeurs Continentaux Place Vertu Inc, Project Alexis Nihon",BYTE20170529092
,L'OREAL CANADA MATRIX,BYTE20170529093
,Industria - Rockland Centre,BYTE20170529094
,L'OREAL CANADA MATRIX,BYTE20170529095
,Jean Bleu- St. Jean,BYTE20170529096
,Brioche Doree - Gauchetiere,BYTE20170529097
,Taco Bell St Thomas 49-009,BYTE20170529098
,7-11 Cloverdale  26517,BYTE20170529099
,Taco Bell St Thomas 49-009,BYTE20170529100
,7-11 West Van 25931,BYTE20170529981
,KFC Park Place Mall 237-001,BYTE20170529982
,KFC Port Hope 1579,BYTE20170529983
,KFC 1513,BYTE20170529984
,KFC Port Hope 1579,BYTE20170529985
,KFC Port Hope 1579,BYTE20170529986
,KFC Park Place Mall 237-001,BYTE20170529987
,KFC Park Place Mall 237-001,BYTE20170529989
,KFC Guelph 1571,BYTE20170529990
,KFC Queen 1351,BYTE20170529991
,KFC Port Hope 1579,BYTE20170529992
,KFC Park Place Mall 237-001,BYTE20170529993
,KFC Queen 1351,BYTE20170529994
,KFC Port Hope 1579,BYTE20170529995
,KFC Park Place Mall 237-001,BYTE20170529996
,KFC Guelph 1571,BYTE20170529997
,KFC Queen 1351,BYTE20170529998
,Taco Bell 48-002,BYTE20170529999
,KFC 1861,BYTE20170530000
,Booster Juice - Ottawa Airport,D0509942E576
,COBS-Deerfoot 9147,DL10J00201|28F00005
,COBS-Fort St. John 9070,DL10J00201|28F00012
,COBS-Collingwood 9315,DL10J00201|28F00013
,COBS-Riverside 7102,DL10J00201|28F00050
,COBS-17th Avenue 9143,DL10J00201|28F00077
,COBS-Maple Mews 9337,DL10J00201I17F00324
,COBS- Tuxedo Park 9402,DL10J00201I17F00336
,Cobs-Pine Center 9065,DL10J00201I17F00341
,COBS-London North West 9338,DL10J00201I17F00349
,COBS-West Granville 9142,DL10J00201I17F00353
,COBS-Ridley Square 9331,DL10J00201I17F00378
,7-11 Canada Inc,DL10J00201I17F00396
,COBS - Fairway Plaza 9334,DL10J00201I17F00516
,Cobs-Cottonwood Mall 9026,DL10J00201I17F00519
,COBS-Country Hills 9114,DL10J00201I17F00521
,Cobs-Capilano Mall 9014,DL10J00201I17F00524
,COBS - Panorama Village 9066,DL10J00201I17F00548
,COBS-The Annex 9306,DL10J00201I17F00559
,Cobs-Upper Oakville 9309,DL10J00201I17F00559
,Cobs-Crowfoot 9111,DL10J00201I17F00574
,Cobs-Summit 9042,DL10J00201I17F00575
,Cobs-Upper Oakville 9309,DL10J00201I17F00576
,COBS-Brentwood Common 9146,DL10J00201I17F00590
,COBS-Steeple Hill 9344,DL10J00201I28F00014
,COBS-Humbertown 9310,DL10J00201I28F00056
,COBS-Trinity Wilson Common 9339,DL10J00201I28F00070
,COBS-Folkstone 9340,DL10J00201I28F00096
,COBS-Riverside 7102,DL10J00201I28F00097
,COBS-Barrhaven 9329,DL10J00201I28F00098
,COBS-Bedford Place Mall 9501,DL10J00201I28F00099
,CBV - Sherway Gardens,DS43700201E08F00074
,CBV - Bayshore Shopping Centre,DS43700201E09F01780
,CBV - LimeRidge Mall,DS43700201E09F01925
,1982 Olympus,DS43700201E09F01932
,YUM 1983,DS43700201E09F01932
,CBV - Place D'Orleans,DS43700201E09F01939
,YUM 1983,DS43700301E35F00016 A0
,KFC Eaton Centre 1921,DS43700301E35F00025
,CBV - Upper Canada Mall,DS43700301E35F00054
,KFC Eaton Centre 1921,DS43700301E35F00064
,CBV - Pickering Town Centre,DS43700301E35F00074
,CBV - Georgian Mall,DS43700301E35F00090
,CBV - Pen Centre,DS43700301E35F00094
,CBV - Square One,DS43700301E35F00114
,CBV - Centerpoint Mall,DS43700301E35F0015
,CBV - Promenade Mall,DS43700301E35F00151
,CBV - White Oaks Mall,DS43700301E35F00185
,CBV - Niagara Outlet,DS43700301E35F00193
,CBV - Scarborough Town Centre,DS43700301E35F00209
,CBV - Lambton Mall,DS43700301E35F00216
,CBV - Vaughan Mills,DS43700301E35F00225
,KFC Eaton Centre 1921,DS43700301E35F00229
,CBV- Yorkville,DS43700301E35F00247
,CBV - Markville,DS43700301E35F00257
,KFC Eaton Centre 1921,DS43700301E35F00261
,CBV - Oshawa Centre,DS43700301E35F00271
,1982 Olympus,DS43700301E49F00087
,YUM 1983,DS43700301E49F00087 A2
,YUM 1983,DS43700301E49F00142
,CBV - Sunridge,DS43700301E49F00166
,YUM 1983,DS43700301E49F00208
,1982 Olympus,DS43700301E49F00257
,YUM 1983,DS43700301E49F00257 A1
,CBV - Intercity Shopping Centre,DS43700301E49F00292  -> DS43700301E35F00086
,7-11 Cold Lake 32239,DTVKGAA00342508AE69600 / 42503555896
,AAA - Kenton,DTVKGAA00342508B429600
,AAA - Clarence,DTVKGAA00342508B769600
,COBS-Lakeland 9104,G174800006946
,COBS-Callingwood 9109,G174900010231
,COBS - Davie 9009,G174900010232
,COBS-Gladwin 9028,G174900010232
,COBS - Tsawwassen Commons 9061,G174900010233
,COBS-Oxford Market 9058,G174900010234
,COBS - Edgemont 9001,G174900010235
,COBS-South Point Annex 9004,G174900010271
,COBS-Guildford 9017,G174900010272
,Cobs-Cottonwood Mall 9026,G174900010274
,COBS - Parkgate Village 9011,G174900010275
,Cinema St-Eustache,G181300000041
,COBS-Westhills 9110,G181300000042
,COBS-Crestwood 9101,G181300000044
,COBS-Clair Marketplace 9332,G181300000081
,COBS-TheBoardwalk 9328,G181300000086
,COBS-Applewood Village 9333,G181300000088
,Cobs-Willmott Marketplace 9335,G181300000090
,IKEA-Burlington,G6AY71100B2Q
,Kernels Mayfair,G6AY719007GY
,Kernels Galleries De La Capitale F0081,G6AY8140067Z
,IKEA-St.Catherines,I/C/DG4020 00185
,IKEA-London PuP,I/C/DG4121 00124
,IKEA-St.Catherines,I/C/DG4220 01828
,IKEA-Windsor,I/C/DG4220 01961
,IKEA-Whitby,I/C/DG4220 01961 --> 01A0108-352-SB30-A2A
,IKEA-Boucherville 414,I/C/DG4220 01962
,IKEA-Quebec City PuP,I/C/DG4220 01962
,7-11 Edmonton 27633,IA0 - DTVKGAA00342508ADB9600
,7-11 Edmonton 33343,IA0 -> 31000656096 / DTVFUAA006310019A09600
,7-11 Cold Lake 32239,IA0 DTVKGAA00342508B4A9600 / 42503565896
,,M0
,,M001
,,M002
,,m1
,L'Oreal Berkeley Heights Company Store - 212,MA
,L'Oreal Berkeley Heights Company Store - 212,MAB
,,MAB3
,7-11 Virden 38825,MAB322018064545
,KFC New Westminster 1803,MAB322018074703
,KFC Downsview 1365,mab322018074742
,KFC Pickering 1360,MAB322018074748
,Kiehl's Queen St 001,MAB32201807482
,7-11 Hamilton 29130,MAB322018074829
,KFC Scarborough 1335,MAB322018074850
,Taco Bell Scarborough 6324,MAB322018075064
,KFC 1374,MAB322018075083
,KFC Hamilton 1432,MAB322018075117
,L'Oreal Berkeley Heights Company Store - 212,MAB3P
,7-11 Edmonton 38652,MAB3P20010275
,House Account,MAB3P219
,"3P: NCS - Nanaimo, BC",MAB3P219050105
,7-11 Toronto 36712,mab3p219050270
,,MAB3P219050762B
,,MAB3P219050768
,NYX - WEM,MAB3P219051009
,KFC Brampton 1326,MAB3P219051484
,KFC Brampton 1326,MAB3P419080067
,7-11 Fort McMurray 38971,MAB3P420010345
,Kernels Square One - C0056,new#PSVBHP200114607DA49201
,Kernels Eaton Centre South,PSVBH0200511507D7F2701 - 11503212727
,Kernels BR Bayview/York Mills,PSVBH0200511507DFA2701
,Kernels Sherway Gardens,PSVBH0200511607DBE2701 --> replacement: SN: PSVBP4001224101D29201 601009427
,Kernels Bayshore F0082,"PSVBH0200512402A569201 - 12401083892--> SN: 601000754, SNID: PSVBH200512402A689201"
,Kernels Hillcrest,"PSVBH200511507D012701 11503200127--->SN: PSBVHP200123703B9B9201, SNID: 23701525992"
,Kernels CrossIron Mills - F0086,PSVBHP2001224101249201
,Kernels Fairview Mall,PSVBHP2001224101329201 - 22406584292
,Kernels Upper Canada Mall F0017,PSVBHP20012241015D9201 (Defective)
,Kernels Fairview Park,PSVBHP2001224101979201
,Kernels Lawson Heights,PSVBHP2001224101979201 - 12401085692
,Kernels Willowbrook C0010 (formerly F0073),PSVBHP2001224101BA9201
,Kernels Midtown Plaza,PSVBHP2001224101C69201
,Kernels Quinte,PSVBHP2001224101D29201
,Kernels Kingsway Garden,PSVBHP2001224102209201
,Kernels Orchard Park,PSVBHP200123100A2D9201
,Kernels Yorkdale Mall,PSVBHP200123100A449201
,Kernels Polo Park,PSVBHP200123100AF09201
,Kernels Georgian Mall,PSVBHP200123703B249201
,Kernels Oshawa Centre,PSVBHP200123703B5C9201
,Kernels Popcorn Limited,PSVBHP200123703B969201
,7-11 Toronto 23249,repurposed
,IKEA-North York 149,SMJ03WYBF
,7-11 Edmonton 37184,SN - DTVKGAA00342508B349600 SNID - 42503563696
,Kernels Chinook,SN: PSVBHP2001224101F39201 SNID: 22406603592
,Kernels Sherway Gardens,US00074034
,Kernels BR Bloor W,US00074050
,Kernels BR Heartland,US00118874
,Kernels BR Yonge,US00118874
,7-11 Cloverdale  26517,US00124232
,Kernels BR Yonge & Steeles/ Centerpoint,US00124265
,7-11 Cloverdale  26517,US00124300
,Kernels Park Place,US00124345
,7-11 Cloverdale  26517,US00124371
,Kernels Eaton Centre North,US00149672
,Kernels Richmond Centre,US00149687
,Kiehl's Masonville 023,US00149702
,Kernels Woodgrove Centre,US00149765
,Kiehl's Masonville 023,US00149844
,7-11 Cloverdale  26517,US00167779
,Cinema St-Eustache,US00167787
,Kernels West Ed 2 Ice Palace - F0090,US00167790
,Kernels Lambton Mall,US00167815 - US00167900
,Kernels Masonville Place,US00167900 - US00167815
,Kiehl's Carrefour Laval 020,US00216682
,Kernels Midtown Plaza,US00216876
,7-11 Bonnyville 27001,US00216889
,Kernels Calgary Eaton Centre,US00216897
,Kernels Kildonan Place,US00216903
,7-11 Bonnyville 27001,US00216905
,Kiehl's Queen St 001,US00217011
,Kernels Edmonton City Centre,US00217071
,Kernels Edmonton City Centre,US00217071
,Kiehl's Queen St 001,US00217077
,Kiehl's Carrefour Laval 020,US00217091
,Kernels CrossIron Mills - F0086,US00217124
,7-11 Bonnyville 27001,US00217148 (defective)
,Kiehl's Sherway 009,US00217172
,7-11 Edmonton 33343,US00217207
,Kiehl's Carrefour Laval 020,US00217209 --> US00216998
,Kernels BR Outlet Collection Winnipeg,US00217352
,Kernels Fairview Mall,US00217366
,Kernels Vaughan Mills - F0089,US00217366
,7-11 Cold Lake 32239,US00217668 - Removed
,Kernels Promenades Gatineau F0043 (formerly F0015),US00217742
,Kiehl's Eaton Centre 021,US00217745
,Kernels Bayshore F0082,US00217746
,Kernels Upper Canada Mall F0017,US00217798
,7-11 Edmonton 37184,US00217819
,Kernels Oshawa Centre,US00217851
,Kernels West Edmonton Mall F0011,US00217871
,Kiehl's Carrefour Laval 020,US00218207 -->BYTE20160923047
,Kiehl's Eaton Centre 021,US00218239
,Kernels Oakridge Centre C0012 (formerly C0066),US00218364
,Kernels Mayfair,US00218384
,Kernels Mayfair,US00218384
,Kernels Lawson Heights,US00218478
,Kernels Cataraqui Centre,US00218541
,Kernels Vaughan Mills - F0089,US03050604
